USE "sp110_15_db_2013";
SET DATEFORMAT ymd;



-- Таблица Пол человека
SET IDENTITY_INSERT "Sex" ON;
INSERT INTO "Sex" ( 
  "id", "name"
) VALUES (
  1, 'мужской' ),(
  2, 'женский' );
SET IDENTITY_INSERT "Sex" OFF;




-- Таблица Люди
SET IDENTITY_INSERT "Human" ON;
INSERT INTO "Human" ( 
  "id", "name", "surname", "patronymic", "passport", "sex_id", "birthday"
) VALUES (
  1, 'Иван', 'Патрушенко', 'Павлович', 'P12312312', 1, '1965-11-16' ),(
  2, 'Анна', 'Патрушенко', 'Кириловна', 'P12213123', 2, '1968-10-23' ),(
  3, 'Анатолий', 'Кортовецкий', 'Илларионович', 'P1232131123', 1, '1971-5-12' ),(
  4, 'Роман', 'Восташенко', 'Аркадьевич', 'P12123123', 1, '1973-7-8' ),(
  5, 'Марина', 'Восташенко', 'Валерьевна', 'P12123123', 2, '1973-8-7' ),(
  6, 'Екатерина', 'Степанова', 'Александровна', 'P12312323', 2, '1980-4-13' ),(
  7, 'Валерий', 'Соколовский', 'Игнатьевич', 'P123213312', 1, '1975-3-25' ),(
  8, 'Валерия', 'Разумовская', 'Олеговна', 'P16556166', 2, '1970-8-16' ),(
  9, 'Валентина', 'Шашек', 'Тимуровна', 'P55656446', 2, '1983-9-18' ),(
  10, 'Эвелина', 'Шашек', 'Викторовна', 'P5645564', 2, '1998-11-5' ),(
  11, 'Артур', 'Шашек', 'Викторович', 'P564564654', 1, '1997-10-23' ),(
  12, 'Виктор', 'Шашек', 'Владимирович', 'P56456654', 1, '1980-4-21' ),(
  13, 'Игорь', 'Дрозд', 'Александрович', 'P564564564', 1, '1985-3-2' ),(
  14, 'Юлия', 'Дрозд', 'Игоревна', 'P64564656', 2, '2006-8-8' ),(
  15, 'Ольга', 'Дрозд', 'Кириловна', 'P654654564', 2, '1987-1-8' );
SET IDENTITY_INSERT "Human" OFF;




-- Таблица Категории туристов
SET IDENTITY_INSERT "TouristCategory" ON;
INSERT INTO "TouristCategory" (
  "id", "name"
) VALUES (
  1, 'Турист' ),(
  2, 'Челнок' ),(
  3, 'Ребенок' );
SET IDENTITY_INSERT "TouristCategory" OFF;




-- Таблица Группы туристов
SET IDENTITY_INSERT "TouristGroup" ON;
INSERT INTO "TouristGroup" (
  "id", "label"
) VALUES (
  1, 'Кавказ' ),(
  2, 'Кирил' ),(
  3, 'Филипины' );
SET IDENTITY_INSERT "TouristGroup" OFF;




-- Таблица Туристы
SET IDENTITY_INSERT "Tourist" ON;
INSERT INTO "Tourist" (
  "id", "human_id", "category_id", "group_id", "paid_for_tour"
) VALUES (
  1, 1, 2, 1, 5000 ),(
  2, 2, 2, 1, 5000 ),(
  3, 3, 1, 1, 5500 ),(
  4, 4, 1, 1, 5500 ),(
  5, 5, 1, 1, 5500 ),(
  
  6, 6, 1, 2, 5700 ),(
  7, 7, 1, 2, 5500 ),(
  8, 8, 2, 2, 5000 ),(
  
  9, 9, 1, 3, 5500 ),(
  10, 10, 3, 3, 4500 ),(
  11, 11, 3, 3, 4500 ),(
  12, 12, 1, 3, 5500 ),(
  13, 13, 1, 3, 5500 ),(
  14, 14, 3, 3, 5500 ),(
  15, 15, 1, 3, 5500 );
SET IDENTITY_INSERT "Tourist" OFF;




-- Таблица Визы
SET IDENTITY_INSERT "Visa" ON;
INSERT INTO "Visa" (
  "id", "tourist_id", "date_given", "date_expires", "cost"
) VALUES (
  1, 1, '2013-8-25', '2013-11-25', 2300 ),(
  2, 2, '2013-8-27', '2013-11-27', 2300 ),(
  3, 3, '2013-7-15', '2013-10-25', 2000 ),(
  4, 4, '2013-7-29', '2013-10-29', 2150 ),(
  5, 5, '2013-7-27', '2013-10-27', 2150 ),(
  
  6, 6, '2013-8-5', '2013-11-5', 2200 ),(
  7, 7, '2013-8-15', '2013-11-15', 2200 ),(
  8, 8, '2013-8-13', '2013-11-7', 2000 ),(
  
  9, 9, '2013-8-25', '2013-12-15', 2300 ),(
  10, 12, '2013-8-26', '2013-12-16', 2300),(
  11, 13, '2013-8-28', '2013-12-17', 2300),(
  12, 15, '2013-8-28', '2013-12-17', 2300);
SET IDENTITY_INSERT "Visa" OFF;




-- Таблица Родственные связи
INSERT INTO "Parent" (
  "parent_id", "child_id"
) VALUES (
  9, 10 ),(
  9, 11 ),(
  12, 10 ),(
  12, 11 ),(
  13, 14 ),(
  15, 14 );




-- Таблица Типы расходов
SET IDENTITY_INSERT "SpendingType" ON;
INSERT INTO "SpendingType" (
  "id", "name"
) VALUES (
  1, 'Проезд' ),(
  2, 'Питание' ),(
  3, 'Разное' );
SET IDENTITY_INSERT "SpendingType" OFF;




-- Таблица Расходы на туриста
SET IDENTITY_INSERT "Spending" ON;
INSERT INTO "Spending" (
  "id", "tourist_id", "type_id", "cost", "date", "description"
) VALUES (
  1, 1, 1, 25, '2013-09-01T14:00:00', 'Проезд из аэропорта' ),(
  2, 2, 1, 25, '2013-09-01T14:00:00', 'Проезд из аэропорта' ),(
  3, 3, 1, 25, '2013-09-01T14:00:00', 'Проезд из аэропорта' ),(
  4, 4, 1, 25, '2013-09-01T14:00:00', 'Проезд из аэропорта' ),(
  5, 5, 1, 25, '2013-09-01T14:00:00', 'Проезд из аэропорта' ),(
  6, 1, 2, 250, '2013-09-01T15:00:00', 'Предоплата за питание' ),(
  7, 2, 2, 250, '2013-09-01T15:00:00', 'Предоплата за питание' ),(
  8, 3, 2, 350, '2013-09-01T15:00:00', 'Предоплата за питание' ),(
  9, 4, 2, 200, '2013-09-01T15:00:00', 'Предоплата за питание' ),(
  10, 5, 2, 200, '2013-09-01T15:00:00', 'Предоплата за питание' ),(
  11, 3, 3, 75, '2013-09-13T10:00:00', 'Разбитая тарелка' ),(
  12, 1, 3, 50, '2013-09-17T14:30:00', 'Сломана ручка входной двери' ),(
  13, 1, 1, 25, '2013-09-21T10:00:00', 'Проезд в аэропорт' ),(
  14, 2, 1, 25, '2013-09-21T10:00:00', 'Проезд в аэропорт' ),(
  15, 3, 1, 25, '2013-09-21T10:00:00', 'Проезд в аэропорт' ),(
  16, 4, 1, 25, '2013-09-21T10:00:00', 'Проезд в аэропорт' ),(
  17, 5, 1, 25, '2013-09-21T10:00:00', 'Проезд в аэропорт' );
SET IDENTITY_INSERT "Spending" OFF;




-- Таблица Агентство экскурсий
SET IDENTITY_INSERT "ExcursionAgency" ON;
INSERT INTO "ExcursionAgency" (
  "id", "name"
) VALUES (
  1, 'Бегемот' ),(
  2, 'Тортилла' ),(
  3, 'Куст' );
SET IDENTITY_INSERT "ExcursionAgency" OFF;




-- Таблица Экскурсии
SET IDENTITY_INSERT "Excursion" ON;
INSERT INTO "Excursion" (
  "id", "agency_id", "name", "description"
) VALUES (
  1, 1, 'Тайны памятников истории', 'Экскурсия по памятным местам города' ),(
  2, 1, 'История осады Патрика', 'Реконструкция боевых действий под крепостью Патрика Орманского' ),(
  3, 2, 'Творчество современных художников', 'Посещение галереи современного искусства' ),(
  4, 3, 'Секреты создания лучших подков', 'Рассказ о процессе создания лучших подков в стране' ),(
  5, 3, 'Красота не вечна', 'Экскурсия на цветочные поля' );
SET IDENTITY_INSERT "Excursion" OFF;




-- Таблица Расписание экскурсий
SET IDENTITY_INSERT "ExcursionSchedule" ON;
INSERT INTO "ExcursionSchedule" (
  "id", "excursion_id", "date", "cost"
) VALUES (
  1, 1, '2013-09-02T11:00:00', 150 ),(
  2, 1, '2013-09-16T11:00:00', 150 ),(
  3, 1, '2013-09-30T11:00:00', 150 ),(
  4, 1, '2013-10-14T11:00:00', 150 ),(
  5, 1, '2013-10-28T11:00:00', 150 ),(
  6, 2, '2013-09-06T12:00:00', 200 ),(
  7, 2, '2013-09-20T12:00:00', 200 ),(
  8, 2, '2013-10-04T12:00:00', 200 ),(
  9, 2, '2013-10-18T12:00:00', 200 ),(
  10, 2, '2013-11-01T12:00:00', 200 ),(
  11, 3, '2013-09-02T15:00:00', 250 ),(
  12, 3, '2013-09-04T15:00:00', 250 ),(
  13, 3, '2013-09-09T15:00:00', 250 ),(
  14, 3, '2013-09-11T15:00:00', 250 ),(
  15, 3, '2013-10-07T15:00:00', 250 ),(
  16, 3, '2013-10-11T15:00:00', 250 ),(
  17, 4, '2013-09-14T10:00:00', 175 ),(
  18, 4, '2013-10-12T10:00:00', 175 ),(
  19, 5, '2013-09-03T12:00:00', 225 ),(
  20, 5, '2013-09-10T12:00:00', 225 ),(
  21, 5, '2013-09-17T12:00:00', 225 ),(
  22, 5, '2013-09-24T12:00:00', 225 ),(
  23, 5, '2013-10-01T12:00:00', 225 );
SET IDENTITY_INSERT "ExcursionSchedule" OFF;




-- Таблица Посещение экскурсий
SET IDENTITY_INSERT "ExcursionVisit" ON;
INSERT INTO "ExcursionVisit" (
  "id", "tourist_id", "excursion_id"
) VALUES (
  1, 1, 2 ),(
  2, 2, 2 ),(
  3, 3, 14 ),(
  4, 3, 7 ),(
  5, 4, 1 ),(
  6, 5, 1 ),(
  7, 4, 17 ),(
  8, 4, 20 ),(
  9, 5, 20 ),(
  10, 4, 2 ),(
  11, 5, 2 );
SET IDENTITY_INSERT "ExcursionVisit" OFF;




-- Таблица Город
SET IDENTITY_INSERT "City" ON;
INSERT INTO "City" (
  "id", "name"
) VALUES (
  1, 'Уртук' ),(
  2, 'Сартина' ),(
  3, 'Елан' );
SET IDENTITY_INSERT "City" OFF;




-- Таблица Отелей
SET IDENTITY_INSERT "Hotel" ON;
INSERT INTO "Hotel" (
  "id", "name", "city_id"
) VALUES (
  1, 'Вашингтон', 1 ),(
  2, 'Мазанда', 2 ),(
  3, 'Кукуш', 3);
SET IDENTITY_INSERT "Hotel" OFF;




-- Таблица Номеров отелей
SET IDENTITY_INSERT "Room" ON;
INSERT INTO "Room" (
  "id", "hotel_id", "label"
) VALUES (
  1, 1, '1' ),(
  2, 1, '2' ),(
  3, 1, '3' ),(
  4, 1, '4' ),(
  5, 1, '5' ),(
  6, 1, '6' ),(
  7, 1, '7' ),(
  8, 1, '8' ),(
  9, 1, '9' ),(
  10, 1, '10' ),(
  11, 1, 'Люкс 1' ),(
  12, 1, 'Люкс 2' ),(
  13, 2, 'Эконом 1' ),(
  14, 2, 'Эконом 2' ),(
  15, 2, 'Стандарт 1' ),(
  16, 2, 'Стандарт 2' ),(
  17, 2, 'Стандарт 3' ),(
  18, 2, 'Люкс 1' ),(
  19, 2, 'Люкс 2' ),(
  20, 2, 'Люкс 3' ),(
  21, 2, 'Президентский люкс' ),(
  22, 3, 'Номер 1' ),(
  23, 3, 'Номер 2' ),(
  24, 3, 'Номер 3' ),(
  25, 3, 'Номер 4' ),(
  26, 3, 'Номер 5' ),(
  27, 3, 'Номер 6' ),(
  28, 3, 'Номер 7' ),(
  29, 3, 'Номер 8' ),(
  30, 3, 'Номер 9' );
SET IDENTITY_INSERT "Room" OFF;




-- Таблица Проживание
SET IDENTITY_INSERT "Residence" ON;
INSERT INTO "Residence" (
  "id", "tourist_id", "room_id", "move_in", "move_out", "cost"
) VALUES (
  1, 1, 3, '2013-09-01T15:30:00', '2013-09-21T09:00:00', 100 ),(
  2, 2, 4, '2013-09-01T15:30:00', '2013-09-11T08:00:00', 100 ),(
  3, 2, 3, '2013-09-11T08:00:00', '2013-09-21T09:00:00', 0 ),(
  4, 3, 11, '2013-09-01T15:40:00', '2013-09-21T09:00:00', 150 ),(
  5, 4, 7, '2013-09-01T15:15:00', '2013-09-21T09:15:00', 50 ),(
  6, 5, 7, '2013-09-01T15:15:00', '2013-09-21T09:15:00', 50 );
SET IDENTITY_INSERT "Residence" OFF;




-- Таблица Типы самолета
SET IDENTITY_INSERT "PlaneType" ON;
INSERT INTO "PlaneType" (
  "id", "name"
) VALUES (
  1, 'Грузовой' ),(
  2, 'Пасажирский' );
SET IDENTITY_INSERT "PlaneType" OFF;




-- Таблица Самолеты
SET IDENTITY_INSERT "Plane" ON;
INSERT INTO "Plane" (
  "id", "name", "type_id"
) VALUES (
  1, 'Сусанин-42', 2 ),(
  2, 'Викинг-1', 1 );
SET IDENTITY_INSERT "Plane" OFF;




-- Таблица Расписание полетов
SET IDENTITY_INSERT "PlaneSchedule" ON;
INSERT INTO "PlaneSchedule" (
  "id", "plane_id", "takeoff_date", "landing_date", "loading_cost", 
  "unloading_cost", "takeoff_cost", "landing_cost", "dispetcher_cost"
) VALUES (
  1, 1, '2013-09-01T09:00:00', '2013-09-01T13:00:00', 200, 200, 100, 150, 200 ),(
  2, 2, '2013-09-01T11:00:00', '2013-09-01T15:00:00', 300, 300, 150, 200, 200 ),(
  3, 1, '2013-09-21T09:00:00', '2013-09-01T13:00:00', 200, 200, 100, 150, 200 ),(
  4, 2, '2013-09-21T11:30:00', '2013-09-01T15:30:00', 300, 300, 150, 200, 200 ),(
  5, 1, '2013-10-01T09:00:00', '2013-10-01T13:00:00', 200, 200, 100, 150, 200 ),(
  6, 2, '2013-10-01T11:00:00', '2013-10-01T15:00:00', 300, 300, 150, 200, 200 ),(
  7, 1, '2013-10-21T09:00:00', '2013-10-21T13:00:00', 200, 200, 100, 150, 200 ),(
  8, 2, '2013-10-21T11:00:00', '2013-10-21T15:00:00', 300, 300, 150, 200, 200 ),(
  9, 1, '2013-11-01T09:00:00', '2013-11-01T13:00:00', 200, 200, 100, 150, 200 ),(
  10, 2, '2013-11-01T11:00:00', '2013-11-01T15:00:00', 300, 300, 150, 200, 200 ),(
  11, 1, '2013-11-21T09:00:00', '2013-11-21T13:00:00', 200, 200, 100, 150, 200 ),(
  12, 2, '2013-11-21T11:00:00', '2013-11-21T15:00:00', 300, 300, 150, 200, 200 );
SET IDENTITY_INSERT "PlaneSchedule" OFF;




-- Таблица Перелет
SET IDENTITY_INSERT "Flight" ON;
INSERT INTO "Flight" (
  "id", "tourist_id", "flight_id"
) VALUES (
  1, 1, 1 ),(
  2, 2, 1 ),(
  3, 3, 1 ),(
  4, 4, 1 ),(
  5, 5, 1 ),(
  6, 1, 3 ),(
  7, 2, 3 ),(
  8, 3, 3 ),(
  9, 4, 3 ),(
  10, 5, 3 ),(
  11, 6, 5 ),(
  12, 7, 5 ),(
  13, 8, 5 ),(
  14, 6, 7 ),(
  15, 7, 7 ),(
  16, 8, 7 ),(
  17, 9, 9 ),(
  18, 10, 9 ),(
  19, 11, 9 ),(
  20, 12, 9 ),(
  21, 13, 9 ),(
  22, 14, 9 ),(
  23, 15, 9 ),(
  24, 9, 11 ),(
  25, 10, 11 ),(
  26, 11, 11 ),(
  27, 12, 11 ),(
  28, 13, 11 ),(
  29, 14, 11 ),(
  30, 15, 11 );
SET IDENTITY_INSERT "Flight" OFF;




-- Таблица Тип багажа
SET IDENTITY_INSERT "BaggageType" ON;
INSERT INTO "BaggageType" (
  "id", "name"
) VALUES (
  1, 'Ручная кладь' ),(
  2, 'Нормативный багаж' ),(
  3, 'Сверхнормативный багаж' ),(
  4, 'Негабаритный багаж' ),(
  5, 'Несопровождаемый багаж' ),(
  6, 'Груз' );
SET IDENTITY_INSERT "BaggageType" OFF;




-- Таблица Багаж
SET IDENTITY_INSERT "Baggage" ON;
INSERT INTO "Baggage" (
  "id", "tourist_flight_id", "type_id", "weight", "self_cost", "space_amount", "packing_cost",
  "insurance_cost", "keep_cost", "date_storage_in", "date_storage_out"
) VALUES (
  1, 1, 2, 15, 500, 1, 20, 50, 20, '2013-09-01T08:40:00', '2013-09-01T08:50:00' ),(
  2, 2, 2, 10, 650, 1, 20, 50, 20, '2013-09-01T09:00:00', '2013-09-01T09:00:00' ),(
  3, 2, 1, 0.500, 250, 1, 0, 0, 0, '2013-09-01T09:00:00', '2013-09-01T09:00:00' ),(
  4, 3, 3, 50, 500, 2, 25, 50, 20, '2013-09-01T08:30:00', '2013-09-01T08:50:00' ),(
  5, 4, 2, 25, 200, 1, 25, 50, 20, '2013-09-01T08:45:00', '2013-09-01T08:50:00' ),(
  6, 5, 2, 20, 100, 1, 20, 50, 20, '2013-09-01T08:45:00', '2013-09-01T08:50:00' ),(
  7, 5, 1, 0.100, 50, 1, 0, 0, 0,  '2013-09-01T09:00:00', '2013-09-01T09:00:00' ),(
  8, 6, 2, 15, 150, 1, 10, 50, 20, '2013-09-21T11:00:00', '2013-09-21T12:00:00' ),(
  9, 6, 6, 250, 3000, 6, 250, 150, 50, '2013-09-21T11:00:00', '2013-09-21T12:00:00' ),(
  10, 7, 1, 0.200, 10, 1, 0, 0, 0, '2013-09-21T11:00:00', '2013-09-21T12:00:00' ),(
  11, 7, 6, 65, 1500, 2, 100, 100, 50, '2013-09-21T11:00:00', '2013-09-21T12:00:00' ),(
  12, 8, 2, 10, 200, 1, 20, 50, 20, '2013-09-01T08:40:00', '2013-09-01T08:50:00' ),(
  13, 9, 2, 15, 300, 1, 20, 50, 20, '2013-09-01T08:40:00', '2013-09-01T08:50:00' ),(
  14, 10, 2, 20, 000, 1, 25, 50, 20, '2013-09-01T08:40:00', '2013-09-01T08:50:00' );
SET IDENTITY_INSERT "Baggage" OFF;




-- Таблица Перевоз багажа
SET IDENTITY_INSERT "BaggageTransportation" ON;
INSERT INTO "BaggageTransportation" (
  "id", "baggage_id", "flight_id"
) VALUES (
  1, 1, 2 ),(
  2, 2, 2 ),(
  3, 3, 1 ),(
  4, 4, 2 ),(
  5, 5, 2 ),(
  6, 6, 2 ),(
  7, 7, 1 ),(
  8, 8, 2 ),(
  9, 9, 2 ),(
  10, 10, 1 ),(
  11, 11, 2 ),(
  12, 12, 2 ),(
  13, 13, 2 ),(
  14, 14, 2 );
SET IDENTITY_INSERT "BaggageTransportation" OFF;
